Award_Status,Ceremony_Year,Session,Category,Nominee,Film,Role
Nominee,2010,83,ACTOR IN A LEADING ROLE,Javier Bardem,Biutiful,Uxbal
Nominee,2010,83,ACTOR IN A LEADING ROLE,Jeff Bridges,True Grit,Rooster Cogburn
Nominee,2010,83,ACTOR IN A LEADING ROLE,Jesse Eisenberg,The Social Network,Mark Zuckerberg
Winner,2010,83,ACTOR IN A LEADING ROLE,Colin Firth,The King's Speech,King George VI
Nominee,2010,83,ACTOR IN A LEADING ROLE,James Franco,127 Hours,Aron Ralston
Winner,2010,83,ACTOR IN A SUPPORTING ROLE,Christian Bale,The Fighter,Dicky Eklund
Nominee,2010,83,ACTOR IN A SUPPORTING ROLE,John Hawkes,Winter's Bone,Teardrop
Nominee,2010,83,ACTOR IN A SUPPORTING ROLE,Jeremy Renner,The Town,James Coughlin
Nominee,2010,83,ACTOR IN A SUPPORTING ROLE,Mark Ruffalo,The Kids Are All Right,Paul
Nominee,2010,83,ACTOR IN A SUPPORTING ROLE,Geoffrey Rush,The King's Speech,Lionel Logue
Nominee,2010,83,ACTRESS IN A LEADING ROLE,Annette Bening,The Kids Are All Right,Nic
Nominee,2010,83,ACTRESS IN A LEADING ROLE,Nicole Kidman,Rabbit Hole,Becca
Nominee,2010,83,ACTRESS IN A LEADING ROLE,Jennifer Lawrence,Winter's Bone,Ree
Winner,2010,83,ACTRESS IN A LEADING ROLE,Natalie Portman,Black Swan,Nina Sayers/The Swan Queen
Nominee,2010,83,ACTRESS IN A LEADING ROLE,Michelle Williams,Blue Valentine,Cindy
Nominee,2010,83,ACTRESS IN A SUPPORTING ROLE,Amy Adams,The Fighter,Charlene Fleming
Nominee,2010,83,ACTRESS IN A SUPPORTING ROLE,Helena Bonham Carter,The King's Speech,Queen Elizabeth
Winner,2010,83,ACTRESS IN A SUPPORTING ROLE,Melissa Leo,The Fighter,Alice Ward
Nominee,2010,83,ACTRESS IN A SUPPORTING ROLE,Hailee Steinfeld,True Grit,Mattie Ross
Nominee,2010,83,ACTRESS IN A SUPPORTING ROLE,Jacki Weaver,Animal Kingdom,Janine 'Smurf' Cody
Nominee,2010,83,DIRECTING,Black Swan,NA,NA
Nominee,2010,83,DIRECTING,The Fighter,NA,NA
Winner,2010,83,DIRECTING,The King's Speech,NA,NA
Nominee,2010,83,DIRECTING,The Social Network,NA,NA
Nominee,2010,83,DIRECTING,True Grit,NA,NA
Nominee,2010,83,BEST PICTURE,Black Swan,NA,NA
Nominee,2010,83,BEST PICTURE,The Fighter,NA,NA
Nominee,2010,83,BEST PICTURE,Inception,NA,NA
Nominee,2010,83,BEST PICTURE,The Kids Are All Right,NA,NA
Winner,2010,83,BEST PICTURE,The King's Speech,NA,NA
Nominee,2010,83,BEST PICTURE,127 Hours,NA,NA
Nominee,2010,83,BEST PICTURE,The Social Network,NA,NA
Nominee,2010,83,BEST PICTURE,Toy Story 3,NA,NA
Nominee,2010,83,BEST PICTURE,True Grit,NA,NA
Nominee,2010,83,BEST PICTURE,Winter's Bone,NA,NA
Nominee,2011,84,ACTOR IN A LEADING ROLE,Demián Bichir,A Better Life,Carlos Galindo
Nominee,2011,84,ACTOR IN A LEADING ROLE,George Clooney,The Descendants,Matt King
Winner,2011,84,ACTOR IN A LEADING ROLE,Jean Dujardin,The Artist,George Valentin
Nominee,2011,84,ACTOR IN A LEADING ROLE,Gary Oldman,Tinker Tailor Soldier Spy,George Smiley
Nominee,2011,84,ACTOR IN A LEADING ROLE,Brad Pitt,Moneyball,Billy Beane
Nominee,2011,84,ACTOR IN A SUPPORTING ROLE,Kenneth Branagh,My Week with Marilyn,Sir Laurence Olivier
Nominee,2011,84,ACTOR IN A SUPPORTING ROLE,Jonah Hill,Moneyball,Peter Brand
Nominee,2011,84,ACTOR IN A SUPPORTING ROLE,Nick Nolte,Warrior,Paddy Conlon
Winner,2011,84,ACTOR IN A SUPPORTING ROLE,Christopher Plummer,Beginners,Hal
Nominee,2011,84,ACTOR IN A SUPPORTING ROLE,Max von Sydow,Extremely Loud & Incredibly Close,The Renter
Nominee,2011,84,ACTRESS IN A LEADING ROLE,Glenn Close,Albert Nobbs,Albert Nobbs
Nominee,2011,84,ACTRESS IN A LEADING ROLE,Viola Davis,The Help,Aibileen Clark
Nominee,2011,84,ACTRESS IN A LEADING ROLE,Rooney Mara,The Girl with the Dragon Tattoo,Lisbeth Salander
Winner,2011,84,ACTRESS IN A LEADING ROLE,Meryl Streep,The Iron Lady,Margaret Thatcher
Nominee,2011,84,ACTRESS IN A LEADING ROLE,Michelle Williams,My Week with Marilyn,Marilyn Monroe
Nominee,2011,84,ACTRESS IN A SUPPORTING ROLE,Bérénice Bejo,The Artist,Peppy Miller
Nominee,2011,84,ACTRESS IN A SUPPORTING ROLE,Jessica Chastain,The Help,Celia Foote
Nominee,2011,84,ACTRESS IN A SUPPORTING ROLE,Melissa McCarthy,Bridesmaids,Megan
Nominee,2011,84,ACTRESS IN A SUPPORTING ROLE,Janet McTeer,Albert Nobbs,Hubert Page
Winner,2011,84,ACTRESS IN A SUPPORTING ROLE,Octavia Spencer,The Help,Minny Jackson
Winner,2011,84,DIRECTING,The Artist,NA,NA
Nominee,2011,84,DIRECTING,The Descendants,NA,NA
Nominee,2011,84,DIRECTING,Hugo,NA,NA
Nominee,2011,84,DIRECTING,Midnight in Paris,NA,NA
Nominee,2011,84,DIRECTING,The Tree of Life,NA,NA
Winner,2011,84,BEST PICTURE,The Artist,NA,NA
Nominee,2011,84,BEST PICTURE,The Descendants,NA,NA
Nominee,2011,84,BEST PICTURE,Extremely Loud & Incredibly Close,NA,NA
Nominee,2011,84,BEST PICTURE,The Help,NA,NA
Nominee,2011,84,BEST PICTURE,Hugo,NA,NA
Nominee,2011,84,BEST PICTURE,Midnight in Paris,NA,NA
Nominee,2011,84,BEST PICTURE,Moneyball,NA,NA
Nominee,2011,84,BEST PICTURE,The Tree of Life,NA,NA
Nominee,2011,84,BEST PICTURE,War Horse,NA,NA
Nominee,2012,85,ACTOR IN A LEADING ROLE,Bradley Cooper,Silver Linings Playbook,Pat
Winner,2012,85,ACTOR IN A LEADING ROLE,Daniel Day,Lincoln,Abraham Lincoln
Nominee,2012,85,ACTOR IN A LEADING ROLE,Hugh Jackman,Les Misérables,Jean Valjean
Nominee,2012,85,ACTOR IN A LEADING ROLE,Joaquin Phoenix,The Master,Freddie Quell
Nominee,2012,85,ACTOR IN A LEADING ROLE,Denzel Washington,Flight,Whip Whitaker
Nominee,2012,85,ACTOR IN A SUPPORTING ROLE,Alan Arkin,Argo,Lester Siegel
Nominee,2012,85,ACTOR IN A SUPPORTING ROLE,Robert De Niro,Silver Linings Playbook,Pat Sr.
Nominee,2012,85,ACTOR IN A SUPPORTING ROLE,Philip Seymour Hoffman,The Master,Lancaster Dodd
Nominee,2012,85,ACTOR IN A SUPPORTING ROLE,Tommy Lee Jones,Lincoln,Thaddeus Stevens
Winner,2012,85,ACTOR IN A SUPPORTING ROLE,Christoph Waltz,Django Unchained,Dr. King Schultz
Nominee,2012,85,ACTRESS IN A LEADING ROLE,Jessica Chastain,Zero Dark Thirty,Maya
Winner,2012,85,ACTRESS IN A LEADING ROLE,Jennifer Lawrence,Silver Linings Playbook,Tiffany
Nominee,2012,85,ACTRESS IN A LEADING ROLE,Emmanuelle Riva,Amour,Anne
Nominee,2012,85,ACTRESS IN A LEADING ROLE,Quvenzhané Wallis,Beasts of the Southern Wild,Hushpuppy
Nominee,2012,85,ACTRESS IN A LEADING ROLE,Naomi Watts,The Impossible,Maria
Nominee,2012,85,ACTRESS IN A SUPPORTING ROLE,Amy Adams,The Master,Peggy Dodd
Nominee,2012,85,ACTRESS IN A SUPPORTING ROLE,Sally Field,Lincoln,Mary Todd Lincoln
Winner,2012,85,ACTRESS IN A SUPPORTING ROLE,Anne Hathaway,Les Misérables,Fantine
Nominee,2012,85,ACTRESS IN A SUPPORTING ROLE,Helen Hunt,The Sessions,Cheryl
Nominee,2012,85,ACTRESS IN A SUPPORTING ROLE,Jacki Weaver,Silver Linings Playbook,Dolores
Nominee,2012,85,DIRECTING,Amour,NA,NA
Nominee,2012,85,DIRECTING,Beasts of the Southern Wild,NA,NA
Winner,2012,85,DIRECTING,Life of Pi,NA,NA
Nominee,2012,85,DIRECTING,Lincoln,NA,NA
Nominee,2012,85,DIRECTING,Silver Linings Playbook,NA,NA
Nominee,2012,85,BEST PICTURE,Amour,NA,NA
Winner,2012,85,BEST PICTURE,Argo,NA,NA
Nominee,2012,85,BEST PICTURE,Beasts of the Southern Wild,NA,NA
Nominee,2012,85,BEST PICTURE,Django Unchained,NA,NA
Nominee,2012,85,BEST PICTURE,Les Misérables,NA,NA
Nominee,2012,85,BEST PICTURE,Life of Pi,NA,NA
Nominee,2012,85,BEST PICTURE,Lincoln,NA,NA
Nominee,2012,85,BEST PICTURE,Silver Linings Playbook,NA,NA
Nominee,2012,85,BEST PICTURE,Zero Dark Thirty,NA,NA
Nominee,2013,86,ACTOR IN A LEADING ROLE,Christian Bale,American Hustle,Irving Rosenfeld
Nominee,2013,86,ACTOR IN A LEADING ROLE,Bruce Dern,Nebraska,Woody Grant
Nominee,2013,86,ACTOR IN A LEADING ROLE,Leonardo DiCaprio,The Wolf of Wall Street,Jordan Belfort
Nominee,2013,86,ACTOR IN A LEADING ROLE,Chiwetel Ejiofor,12 Years a Slave,Solomon Northup
Winner,2013,86,ACTOR IN A LEADING ROLE,Matthew McConaughey,Dallas Buyers Club,Ron Woodroof
Nominee,2013,86,ACTOR IN A SUPPORTING ROLE,Barkhad Abdi,Captain Phillips,Muse
Nominee,2013,86,ACTOR IN A SUPPORTING ROLE,Bradley Cooper,American Hustle,Richie DiMaso
Nominee,2013,86,ACTOR IN A SUPPORTING ROLE,Michael Fassbender,12 Years a Slave,Edwin Epps
Nominee,2013,86,ACTOR IN A SUPPORTING ROLE,Jonah Hill,The Wolf of Wall Street,Donnie Azoff
Winner,2013,86,ACTOR IN A SUPPORTING ROLE,Jared Leto,Dallas Buyers Club,Rayon
Nominee,2013,86,ACTRESS IN A LEADING ROLE,Amy Adams,American Hustle,Sydney Prosser
Winner,2013,86,ACTRESS IN A LEADING ROLE,Cate Blanchett,Blue Jasmine,Jasmine
Nominee,2013,86,ACTRESS IN A LEADING ROLE,Sandra Bullock,Gravity,Ryan Stone
Nominee,2013,86,ACTRESS IN A LEADING ROLE,Judi Dench,Philomena,Philomena
Nominee,2013,86,ACTRESS IN A LEADING ROLE,Meryl Streep,August: Osage County,Violet Weston
Nominee,2013,86,ACTRESS IN A SUPPORTING ROLE,Sally Hawkins,Blue Jasmine,Ginger
Nominee,2013,86,ACTRESS IN A SUPPORTING ROLE,Jennifer Lawrence,American Hustle,Rosalyn Rosenfeld
Winner,2013,86,ACTRESS IN A SUPPORTING ROLE,Lupita Nyong'o,12 Years a Slave,Patsey
Nominee,2013,86,ACTRESS IN A SUPPORTING ROLE,Julia Roberts,August: Osage County,Barbara Weston
Nominee,2013,86,ACTRESS IN A SUPPORTING ROLE,June Squibb,Nebraska,Kate Grant
Nominee,2013,86,DIRECTING,American Hustle,NA,NA
Winner,2013,86,DIRECTING,Gravity,NA,NA
Nominee,2013,86,DIRECTING,Nebraska,NA,NA
Nominee,2013,86,DIRECTING,12 Years a Slave,NA,NA
Nominee,2013,86,DIRECTING,The Wolf of Wall Street,NA,NA
Nominee,2013,86,BEST PICTURE,American Hustle,NA,NA
Nominee,2013,86,BEST PICTURE,Captain Phillips,NA,NA
Nominee,2013,86,BEST PICTURE,Dallas Buyers Club,NA,NA
Nominee,2013,86,BEST PICTURE,Gravity,NA,NA
Nominee,2013,86,BEST PICTURE,Her,NA,NA
Nominee,2013,86,BEST PICTURE,Nebraska,NA,NA
Nominee,2013,86,BEST PICTURE,Philomena,NA,NA
Winner,2013,86,BEST PICTURE,12 Years a Slave,NA,NA
Nominee,2013,86,BEST PICTURE,The Wolf of Wall Street,NA,NA
Nominee,2014,87,ACTOR IN A LEADING ROLE,Steve Carell,Foxcatcher,John du Pont
Nominee,2014,87,ACTOR IN A LEADING ROLE,Bradley Cooper,American Sniper,Chris Kyle
Nominee,2014,87,ACTOR IN A LEADING ROLE,Benedict Cumberbatch,The Imitation Game,Alan Turing
Nominee,2014,87,ACTOR IN A LEADING ROLE,Michael Keaton,Birdman or (The Unexpected Virtue of Ignorance),Riggan
Winner,2014,87,ACTOR IN A LEADING ROLE,Eddie Redmayne,The Theory of Everything,Stephen Hawking
Nominee,2014,87,ACTOR IN A SUPPORTING ROLE,Robert Duvall,The Judge,Joseph Palmer
Nominee,2014,87,ACTOR IN A SUPPORTING ROLE,Ethan Hawke,Boyhood,Dad
Nominee,2014,87,ACTOR IN A SUPPORTING ROLE,Edward Norton,Birdman or (The Unexpected Virtue of Ignorance),Mike
Nominee,2014,87,ACTOR IN A SUPPORTING ROLE,Mark Ruffalo,Foxcatcher,David Schultz
Winner,2014,87,ACTOR IN A SUPPORTING ROLE,J.K. Simmons,Whiplash,Fletcher
Nominee,2014,87,ACTRESS IN A LEADING ROLE,Marion Cotillard,"Two Days, One Night",Sandra
Nominee,2014,87,ACTRESS IN A LEADING ROLE,Felicity Jones,The Theory of Everything,Jane Hawking
Winner,2014,87,ACTRESS IN A LEADING ROLE,Julianne Moore,Still Alice,Alice Howland
Nominee,2014,87,ACTRESS IN A LEADING ROLE,Rosamund Pike,Gone Girl,Amy Dunne
Nominee,2014,87,ACTRESS IN A LEADING ROLE,Reese Witherspoon,Wild,Cheryl
Winner,2014,87,ACTRESS IN A SUPPORTING ROLE,Patricia Arquette,Boyhood,Mom
Nominee,2014,87,ACTRESS IN A SUPPORTING ROLE,Laura Dern,Wild,Bobbi
Nominee,2014,87,ACTRESS IN A SUPPORTING ROLE,Keira Knightley,The Imitation Game,Joan Clarke
Nominee,2014,87,ACTRESS IN A SUPPORTING ROLE,Emma Stone,Birdman or (The Unexpected Virtue of Ignorance),Sam
Nominee,2014,87,ACTRESS IN A SUPPORTING ROLE,Meryl Streep,Into the Woods,Witch
Winner,2014,87,DIRECTING,Birdman or (The Unexpected Virtue of Ignorance),NA,NA
Nominee,2014,87,DIRECTING,Boyhood,NA,NA
Nominee,2014,87,DIRECTING,Foxcatcher,NA,NA
Nominee,2014,87,DIRECTING,The Grand Budapest Hotel,NA,NA
Nominee,2014,87,DIRECTING,The Imitation Game,NA,NA
Nominee,2014,87,BEST PICTURE,American Sniper,NA,NA
Winner,2014,87,BEST PICTURE,Birdman or (The Unexpected Virtue of Ignorance),NA,NA
Nominee,2014,87,BEST PICTURE,Boyhood,NA,NA
Nominee,2014,87,BEST PICTURE,The Grand Budapest Hotel,NA,NA
Nominee,2014,87,BEST PICTURE,The Imitation Game,NA,NA
Nominee,2014,87,BEST PICTURE,Selma,NA,NA
Nominee,2014,87,BEST PICTURE,The Theory of Everything,NA,NA
Nominee,2014,87,BEST PICTURE,Whiplash,NA,NA
Nominee,2015,88,ACTOR IN A LEADING ROLE,Bryan Cranston,Trumbo,Dalton Trumbo
Nominee,2015,88,ACTOR IN A LEADING ROLE,Matt Damon,The Martian,Mark Watney
Winner,2015,88,ACTOR IN A LEADING ROLE,Leonardo DiCaprio,The Revenant,Hugh Glass
Nominee,2015,88,ACTOR IN A LEADING ROLE,Michael Fassbender,Steve Jobs,Steve Jobs
Nominee,2015,88,ACTOR IN A LEADING ROLE,Eddie Redmayne,The Danish Girl,Lili
Nominee,2015,88,ACTOR IN A SUPPORTING ROLE,Christian Bale,The Big Short,Michael Burry
Nominee,2015,88,ACTOR IN A SUPPORTING ROLE,Tom Hardy,The Revenant,John Fitzgerald
Nominee,2015,88,ACTOR IN A SUPPORTING ROLE,Mark Ruffalo,Spotlight,Mike Rezendes
Winner,2015,88,ACTOR IN A SUPPORTING ROLE,Mark Rylance,Bridge of Spies,Rudolf Abel
Nominee,2015,88,ACTOR IN A SUPPORTING ROLE,Sylvester Stallone,Creed,Rocky Balboa
Nominee,2015,88,ACTRESS IN A LEADING ROLE,Cate Blanchett,Carol,Carol Aird
Winner,2015,88,ACTRESS IN A LEADING ROLE,Brie Larson,Room,Ma
Nominee,2015,88,ACTRESS IN A LEADING ROLE,Jennifer Lawrence,Joy,Joy
Nominee,2015,88,ACTRESS IN A LEADING ROLE,Charlotte Rampling,45 Years,Kate Mercer
Nominee,2015,88,ACTRESS IN A LEADING ROLE,Saoirse Ronan,Brooklyn,Eilis
Nominee,2015,88,ACTRESS IN A SUPPORTING ROLE,Jennifer Jason Leigh,The Hateful Eight,Daisy Domergue
Nominee,2015,88,ACTRESS IN A SUPPORTING ROLE,Rooney Mara,Carol,Therese Belivet
Nominee,2015,88,ACTRESS IN A SUPPORTING ROLE,Rachel McAdams,Spotlight,Sacha Pfeiffer
Winner,2015,88,ACTRESS IN A SUPPORTING ROLE,Alicia Vikander,The Danish Girl,Gerda
Nominee,2015,88,ACTRESS IN A SUPPORTING ROLE,Kate Winslet,Steve Jobs,Joanna Hoffman
Nominee,2015,88,DIRECTING,The Big Short,NA,NA
Nominee,2015,88,DIRECTING,Mad Max: Fury Road,NA,NA
Winner,2015,88,DIRECTING,The Revenant,NA,NA
Nominee,2015,88,DIRECTING,Room,NA,NA
Nominee,2015,88,DIRECTING,Spotlight,NA,NA
Nominee,2015,88,BEST PICTURE,The Big Short,NA,NA
Nominee,2015,88,BEST PICTURE,Bridge of Spies,NA,NA
Nominee,2015,88,BEST PICTURE,Brooklyn,NA,NA
Nominee,2015,88,BEST PICTURE,Mad Max: Fury Road,NA,NA
Nominee,2015,88,BEST PICTURE,The Martian,NA,NA
Nominee,2015,88,BEST PICTURE,The Revenant,NA,NA
Nominee,2015,88,BEST PICTURE,Room,NA,NA
Winner,2015,88,BEST PICTURE,Spotlight,NA,NA
Winner,2016,89,ACTOR IN A LEADING ROLE,Casey Affleck,Manchester by the Sea,Lee Chandler
Nominee,2016,89,ACTOR IN A LEADING ROLE,Andrew Garfield,Hacksaw Ridge,Desmond Doss
Nominee,2016,89,ACTOR IN A LEADING ROLE,Ryan Gosling,La La Land,Sebastian
Nominee,2016,89,ACTOR IN A LEADING ROLE,Viggo Mortensen,Captain Fantastic,Ben
Nominee,2016,89,ACTOR IN A LEADING ROLE,Denzel Washington,Fences,Troy Maxson
Winner,2016,89,ACTOR IN A SUPPORTING ROLE,Mahershala Ali,Moonlight,Juan
Nominee,2016,89,ACTOR IN A SUPPORTING ROLE,Jeff Bridges,Hell or High Water,Marcus Hamilton
Nominee,2016,89,ACTOR IN A SUPPORTING ROLE,Lucas Hedges,Manchester by the Sea,Patrick Chandler
Nominee,2016,89,ACTOR IN A SUPPORTING ROLE,Dev Patel,Lion,Saroo Brierley
Nominee,2016,89,ACTOR IN A SUPPORTING ROLE,Michael Shannon,Nocturnal Animals,Bobby Andes
Nominee,2016,89,ACTRESS IN A LEADING ROLE,Isabelle Huppert,Elle,Michèle
Nominee,2016,89,ACTRESS IN A LEADING ROLE,Ruth Negga,Loving,Mildred
Nominee,2016,89,ACTRESS IN A LEADING ROLE,Natalie Portman,Jackie,Jackie Kennedy
Winner,2016,89,ACTRESS IN A LEADING ROLE,Emma Stone,La La Land,Mia
Nominee,2016,89,ACTRESS IN A LEADING ROLE,Meryl Streep,Florence Foster Jenkins,Florence Foster Jenkins
Winner,2016,89,ACTRESS IN A SUPPORTING ROLE,Viola Davis,Fences,Rose Maxson
Nominee,2016,89,ACTRESS IN A SUPPORTING ROLE,Naomie Harris,Moonlight,Paula
Nominee,2016,89,ACTRESS IN A SUPPORTING ROLE,Nicole Kidman,Lion,Sue Brierley
Nominee,2016,89,ACTRESS IN A SUPPORTING ROLE,Octavia Spencer,Hidden Figures,Dorothy Vaughan
Nominee,2016,89,ACTRESS IN A SUPPORTING ROLE,Michelle Williams,Manchester by the Sea,Randi Chandler
Nominee,2016,89,DIRECTING,Arrival,NA,NA
Nominee,2016,89,DIRECTING,Hacksaw Ridge,NA,NA
Winner,2016,89,DIRECTING,La La Land,NA,NA
Nominee,2016,89,DIRECTING,Manchester by the Sea,NA,NA
Nominee,2016,89,DIRECTING,Moonlight,NA,NA
Nominee,2016,89,BEST PICTURE,Arrival,NA,NA
Nominee,2016,89,BEST PICTURE,Fences,NA,NA
Nominee,2016,89,BEST PICTURE,Hacksaw Ridge,NA,NA
Nominee,2016,89,BEST PICTURE,Hell or High Water,NA,NA
Nominee,2016,89,BEST PICTURE,Hidden Figures,NA,NA
Nominee,2016,89,BEST PICTURE,La La Land,NA,NA
Nominee,2016,89,BEST PICTURE,Lion,NA,NA
Nominee,2016,89,BEST PICTURE,Manchester by the Sea,NA,NA
Winner,2016,89,BEST PICTURE,Moonlight,NA,NA
Nominee,2017,90,ACTOR IN A LEADING ROLE,Timothée Chalamet,Call Me by Your Name,Elio
Nominee,2017,90,ACTOR IN A LEADING ROLE,Daniel Day,Phantom Thread,Reynolds Woodcock
Nominee,2017,90,ACTOR IN A LEADING ROLE,Daniel Kaluuya,Get Out,Chris Washington
Winner,2017,90,ACTOR IN A LEADING ROLE,Gary Oldman,Darkest Hour,Winston Churchill
Nominee,2017,90,ACTOR IN A LEADING ROLE,Denzel Washington,"Roman J. Israel, Esq.","Roman J. Israel, Esq."
Nominee,2017,90,ACTOR IN A SUPPORTING ROLE,Willem Dafoe,The Florida Project,Bobby
Nominee,2017,90,ACTOR IN A SUPPORTING ROLE,Woody Harrelson,"Three Billboards outside Ebbing, Missouri",Willoughby
Nominee,2017,90,ACTOR IN A SUPPORTING ROLE,Richard Jenkins,The Shape of Water,Giles
Nominee,2017,90,ACTOR IN A SUPPORTING ROLE,Christopher Plummer,All the Money in the World,J. Paul Getty
Winner,2017,90,ACTOR IN A SUPPORTING ROLE,Sam Rockwell,"Three Billboards outside Ebbing, Missouri",Dixon
Nominee,2017,90,ACTRESS IN A LEADING ROLE,Sally Hawkins,The Shape of Water,Elisa Esposito
Winner,2017,90,ACTRESS IN A LEADING ROLE,Frances McDormand,"Three Billboards outside Ebbing, Missouri",Mildred
Nominee,2017,90,ACTRESS IN A LEADING ROLE,Margot Robbie,"I, Tonya",Tonya Harding
Nominee,2017,90,ACTRESS IN A LEADING ROLE,Saoirse Ronan,Lady Bird,Lady Bird McPherson
Nominee,2017,90,ACTRESS IN A LEADING ROLE,Meryl Streep,The Post,Kay Graham
Nominee,2017,90,ACTRESS IN A SUPPORTING ROLE,Mary J. Blige,Mudbound,Florence Jackson
Winner,2017,90,ACTRESS IN A SUPPORTING ROLE,Allison Janney,"I, Tonya",LaVona
Nominee,2017,90,ACTRESS IN A SUPPORTING ROLE,Lesley Manville,Phantom Thread,Cyril
Nominee,2017,90,ACTRESS IN A SUPPORTING ROLE,Laurie Metcalf,Lady Bird,Marion McPherson
Nominee,2017,90,ACTRESS IN A SUPPORTING ROLE,Octavia Spencer,The Shape of Water,Zelda Fuller
Nominee,2017,90,DIRECTING,Dunkirk,NA,NA
Nominee,2017,90,DIRECTING,Get Out,NA,NA
Nominee,2017,90,DIRECTING,Lady Bird,NA,NA
Nominee,2017,90,DIRECTING,Phantom Thread,NA,NA
Winner,2017,90,DIRECTING,The Shape of Water,NA,NA
Nominee,2017,90,BEST PICTURE,Call Me by Your Name,NA,NA
Nominee,2017,90,BEST PICTURE,Darkest Hour,NA,NA
Nominee,2017,90,BEST PICTURE,Dunkirk,NA,NA
Nominee,2017,90,BEST PICTURE,Get Out,NA,NA
Nominee,2017,90,BEST PICTURE,Lady Bird,NA,NA
Nominee,2017,90,BEST PICTURE,Phantom Thread,NA,NA
Nominee,2017,90,BEST PICTURE,The Post,NA,NA
Winner,2017,90,BEST PICTURE,The Shape of Water,NA,NA
Nominee,2017,90,BEST PICTURE,"Three Billboards outside Ebbing, Missouri",NA,NA
Nominee,2018,91,ACTOR IN A LEADING ROLE,Christian Bale,Vice,Dick Cheney
Nominee,2018,91,ACTOR IN A LEADING ROLE,Bradley Cooper,A Star Is Born,Jack
Nominee,2018,91,ACTOR IN A LEADING ROLE,Willem Dafoe,At Eternity's Gate,Vincent Van Gogh
Winner,2018,91,ACTOR IN A LEADING ROLE,Rami Malek,Bohemian Rhapsody,Freddie Mercury
Nominee,2018,91,ACTOR IN A LEADING ROLE,Viggo Mortensen,Green Book,Tony Lip
Winner,2018,91,ACTOR IN A SUPPORTING ROLE,Mahershala Ali,Green Book,Dr. Donald Shirley
Nominee,2018,91,ACTOR IN A SUPPORTING ROLE,Adam Driver,BlacKkKlansman,Flip Zimmerman
Nominee,2018,91,ACTOR IN A SUPPORTING ROLE,Sam Elliott,A Star Is Born,Bobby
Nominee,2018,91,ACTOR IN A SUPPORTING ROLE,Richard E. Grant,Can You Ever Forgive Me?,Jack Hock
Nominee,2018,91,ACTOR IN A SUPPORTING ROLE,Sam Rockwell,Vice,George W. Bush
Nominee,2018,91,ACTRESS IN A LEADING ROLE,Yalitza Aparicio,Roma,Cleo
Nominee,2018,91,ACTRESS IN A LEADING ROLE,Glenn Close,The Wife,Joan Castleman
Winner,2018,91,ACTRESS IN A LEADING ROLE,Olivia Colman,The Favourite,Queen Anne
Nominee,2018,91,ACTRESS IN A LEADING ROLE,Lady Gaga,A Star Is Born,Ally
Nominee,2018,91,ACTRESS IN A LEADING ROLE,Melissa McCarthy,Can You Ever Forgive Me?,Lee Israel
Nominee,2018,91,ACTRESS IN A SUPPORTING ROLE,Amy Adams,Vice,Lynne Cheney
Nominee,2018,91,ACTRESS IN A SUPPORTING ROLE,Marina de Tavira,Roma,Sra. Sofia
Winner,2018,91,ACTRESS IN A SUPPORTING ROLE,Regina King,If Beale Street Could Talk,Sharon Rivers
Nominee,2018,91,ACTRESS IN A SUPPORTING ROLE,Emma Stone,The Favourite,Abigail
Nominee,2018,91,ACTRESS IN A SUPPORTING ROLE,Rachel Weisz,The Favourite,Lady Sarah
Nominee,2018,91,DIRECTING,BlacKkKlansman,NA,NA
Nominee,2018,91,DIRECTING,Cold War,NA,NA
Nominee,2018,91,DIRECTING,The Favourite,NA,NA
Winner,2018,91,DIRECTING,Roma,NA,NA
Nominee,2018,91,DIRECTING,Vice,NA,NA
Nominee,2018,91,BEST PICTURE,Black Panther,NA,NA
Nominee,2018,91,BEST PICTURE,BlacKkKlansman,NA,NA
Nominee,2018,91,BEST PICTURE,Bohemian Rhapsody,NA,NA
Nominee,2018,91,BEST PICTURE,The Favourite,NA,NA
Winner,2018,91,BEST PICTURE,Green Book,NA,NA
Nominee,2018,91,BEST PICTURE,Roma,NA,NA
Nominee,2018,91,BEST PICTURE,A Star Is Born,NA,NA
Nominee,2018,91,BEST PICTURE,Vice,NA,NA
Nominee,2019,92,ACTOR IN A LEADING ROLE,Antonio Banderas,Pain and Glory,Salvador
Nominee,2019,92,ACTOR IN A LEADING ROLE,Leonardo DiCaprio,Once upon a Time...in Hollywood,Rick Dalton
Nominee,2019,92,ACTOR IN A LEADING ROLE,Adam Driver,Marriage Story,Charlie Barber
Winner,2019,92,ACTOR IN A LEADING ROLE,Joaquin Phoenix,Joker,Arthur Fleck
Nominee,2019,92,ACTOR IN A LEADING ROLE,Jonathan Pryce,The Two Popes,Cardinal Jorge Bergoglio/Pope Francis
Nominee,2019,92,ACTOR IN A SUPPORTING ROLE,Tom Hanks,A Beautiful Day in the Neighborhood,Fred Rogers
Nominee,2019,92,ACTOR IN A SUPPORTING ROLE,Anthony Hopkins,The Two Popes,Cardinal Ratzinger/Pope Benedict
Nominee,2019,92,ACTOR IN A SUPPORTING ROLE,Al Pacino,The Irishman,Jimmy Hoffa
Nominee,2019,92,ACTOR IN A SUPPORTING ROLE,Joe Pesci,The Irishman,Russell Bufalino
Winner,2019,92,ACTOR IN A SUPPORTING ROLE,Brad Pitt,Once upon a Time...in Hollywood,Cliff Booth
Nominee,2019,92,ACTRESS IN A LEADING ROLE,Cynthia Erivo,Harriet,Harriet/Minty
Nominee,2019,92,ACTRESS IN A LEADING ROLE,Scarlett Johansson,Marriage Story,Nicole Barber
Nominee,2019,92,ACTRESS IN A LEADING ROLE,Saoirse Ronan,Little Women,Jo March
Nominee,2019,92,ACTRESS IN A LEADING ROLE,Charlize Theron,Bombshell,Megyn Kelly
Winner,2019,92,ACTRESS IN A LEADING ROLE,Renée Zellweger,Judy,Judy Garland
Nominee,2019,92,ACTRESS IN A SUPPORTING ROLE,Kathy Bates,Richard Jewell,Bobi Jewell
Winner,2019,92,ACTRESS IN A SUPPORTING ROLE,Laura Dern,Marriage Story,Nora Fanshaw
Nominee,2019,92,ACTRESS IN A SUPPORTING ROLE,Scarlett Johansson,Jojo Rabbit,Rosie
Nominee,2019,92,ACTRESS IN A SUPPORTING ROLE,Florence Pugh,Little Women,Amy March
Nominee,2019,92,ACTRESS IN A SUPPORTING ROLE,Margot Robbie,Bombshell,Kayla Pospisil
Nominee,2019,92,DIRECTING,The Irishman,NA,NA
Nominee,2019,92,DIRECTING,Joker,NA,NA
Nominee,1917,92,DIRECTING,1917,NA,NA
Nominee,1917,92,DIRECTING,Once upon a Time...in Hollywood,NA,NA
Winner,1917,92,DIRECTING,Parasite,NA,NA
Nominee,1917,92,BEST PICTURE,Ford v Ferrari,NA,NA
Nominee,1917,92,BEST PICTURE,The Irishman,NA,NA
Nominee,1917,92,BEST PICTURE,Jojo Rabbit,NA,NA
Nominee,1917,92,BEST PICTURE,Joker,NA,NA
Nominee,1917,92,BEST PICTURE,Little Women,NA,NA
Nominee,1917,92,BEST PICTURE,Marriage Story,NA,NA
Nominee,1917,92,BEST PICTURE,1917,NA,NA
Nominee,1917,92,BEST PICTURE,Once upon a Time...in Hollywood,NA,NA
Winner,1917,92,BEST PICTURE,Parasite,NA,NA
Nominee,2020,93,ACTOR IN A LEADING ROLE,Riz Ahmed,Sound of Metal,Ruben
Nominee,2020,93,ACTOR IN A LEADING ROLE,Chadwick Boseman,Ma Rainey's Black Bottom,Levee
Winner,2020,93,ACTOR IN A LEADING ROLE,Anthony Hopkins,The Father,Anthony
Nominee,2020,93,ACTOR IN A LEADING ROLE,Gary Oldman,Mank,Herman Mankiewicz
Nominee,2020,93,ACTOR IN A LEADING ROLE,Steven Yeun,Minari,Jacob
Nominee,2020,93,ACTOR IN A SUPPORTING ROLE,Sacha Baron Cohen,The Trial of the Chicago 7,Abbie Hoffman
Winner,2020,93,ACTOR IN A SUPPORTING ROLE,Daniel Kaluuya,Judas and the Black Messiah,Fred Hampton
Nominee,2020,93,ACTOR IN A SUPPORTING ROLE,"Leslie Odom, Jr.",One Night in Miami...,Sam Cooke
Nominee,2020,93,ACTOR IN A SUPPORTING ROLE,Paul Raci,Sound of Metal,Joe
Nominee,2020,93,ACTOR IN A SUPPORTING ROLE,Lakeith Stanfield,Judas and the Black Messiah,Bill O’Neal
Nominee,2020,93,ACTRESS IN A LEADING ROLE,Viola Davis,Ma Rainey's Black Bottom,Ma Rainey
Nominee,2020,93,ACTRESS IN A LEADING ROLE,Andra Day,The United States vs. Billie Holiday,Billie Holiday
Nominee,2020,93,ACTRESS IN A LEADING ROLE,Vanessa Kirby,Pieces of a Woman,Martha
Winner,2020,93,ACTRESS IN A LEADING ROLE,Frances McDormand,Nomadland,Fern
Nominee,2020,93,ACTRESS IN A LEADING ROLE,Carey Mulligan,Promising Young Woman,Cassandra
Nominee,2020,93,ACTRESS IN A SUPPORTING ROLE,Maria Bakalova,Borat Subsequent Moviefilm: Delivery of Prodigious Bribe to American Regime for Make Benefit Once Glorious Nation of Kazakhstan,Tutar Sagdiyev
Nominee,2020,93,ACTRESS IN A SUPPORTING ROLE,Glenn Close,Hillbilly Elegy,Mamaw
Nominee,2020,93,ACTRESS IN A SUPPORTING ROLE,Olivia Colman,The Father,Anne
Nominee,2020,93,ACTRESS IN A SUPPORTING ROLE,Amanda Seyfried,Mank,Marion Davies
Winner,2020,93,ACTRESS IN A SUPPORTING ROLE,Yuh,Minari,Soonja
Nominee,2020,93,DIRECTING,Another Round,NA,NA
Nominee,2020,93,DIRECTING,Mank,NA,NA
Nominee,2020,93,DIRECTING,Minari,NA,NA
Winner,2020,93,DIRECTING,Nomadland,NA,NA
Nominee,2020,93,DIRECTING,Promising Young Woman,NA,NA
Nominee,2020,93,BEST PICTURE,The Father,NA,NA
Nominee,2020,93,BEST PICTURE,Judas and the Black Messiah,NA,NA
Nominee,2020,93,BEST PICTURE,Mank,NA,NA
Nominee,2020,93,BEST PICTURE,Minari,NA,NA
Winner,2020,93,BEST PICTURE,Nomadland,NA,NA
Nominee,2020,93,BEST PICTURE,Promising Young Woman,NA,NA
Nominee,2020,93,BEST PICTURE,Sound of Metal,NA,NA
Nominee,2020,93,BEST PICTURE,The Trial of the Chicago 7,NA,NA
Nominee,2021,94,ACTOR IN A LEADING ROLE,Javier Bardem,Being the Ricardos,Desi Arnaz
Nominee,2021,94,ACTOR IN A LEADING ROLE,Benedict Cumberbatch,The Power of the Dog,Phil Burbank
Nominee,2021,94,ACTOR IN A LEADING ROLE,Andrew Garfield,"tick, tick...BOOM!",Jon
Winner,2021,94,ACTOR IN A LEADING ROLE,Will Smith,King Richard,Richard Williams
Nominee,2021,94,ACTOR IN A LEADING ROLE,Denzel Washington,The Tragedy of Macbeth,Macbeth
Nominee,2021,94,ACTOR IN A SUPPORTING ROLE,Ciarán Hinds,Belfast,Pop
Winner,2021,94,ACTOR IN A SUPPORTING ROLE,Troy Kotsur,CODA,Frank Rossi
Nominee,2021,94,ACTOR IN A SUPPORTING ROLE,Jesse Plemons,The Power of the Dog,George Burbank
Nominee,2021,94,ACTOR IN A SUPPORTING ROLE,J.K. Simmons,Being the Ricardos,William Frawley
Nominee,2021,94,ACTOR IN A SUPPORTING ROLE,Kodi Smit,The Power of the Dog,Peter Gordon
Winner,2021,94,ACTRESS IN A LEADING ROLE,Jessica Chastain,The Eyes of Tammy Faye,Tammy Faye Bakker
Nominee,2021,94,ACTRESS IN A LEADING ROLE,Olivia Colman,The Lost Daughter,Leda
Nominee,2021,94,ACTRESS IN A LEADING ROLE,Penélope Cruz,Parallel Mothers,Janis
Nominee,2021,94,ACTRESS IN A LEADING ROLE,Nicole Kidman,Being the Ricardos,Lucille Ball
Nominee,2021,94,ACTRESS IN A LEADING ROLE,Kristen Stewart,Spencer,Diana
Nominee,2021,94,ACTRESS IN A SUPPORTING ROLE,Jessie Buckley,The Lost Daughter,Young Leda
Winner,2021,94,ACTRESS IN A SUPPORTING ROLE,Ariana DeBose,West Side Story,Anita
Nominee,2021,94,ACTRESS IN A SUPPORTING ROLE,Judi Dench,Belfast,Granny
Nominee,2021,94,ACTRESS IN A SUPPORTING ROLE,Kirsten Dunst,The Power of the Dog,Rose Gordon
Nominee,2021,94,ACTRESS IN A SUPPORTING ROLE,Aunjanue Ellis,King Richard,Oracene 'Brandy' Williams
Nominee,2021,94,DIRECTING,Belfast,NA,NA
Nominee,2021,94,DIRECTING,Drive My Car,NA,NA
Nominee,2021,94,DIRECTING,Licorice Pizza,NA,NA
Winner,2021,94,DIRECTING,The Power of the Dog,NA,NA
Nominee,2021,94,DIRECTING,West Side Story,NA,NA
Nominee,2021,94,BEST PICTURE,Belfast,NA,NA
Winner,2021,94,BEST PICTURE,CODA,NA,NA
Nominee,2021,94,BEST PICTURE,Don't Look Up,NA,NA
Nominee,2021,94,BEST PICTURE,Drive My Car,NA,NA
Nominee,2021,94,BEST PICTURE,Dune,NA,NA
Nominee,2021,94,BEST PICTURE,King Richard,NA,NA
Nominee,2021,94,BEST PICTURE,Licorice Pizza,NA,NA
Nominee,2021,94,BEST PICTURE,Nightmare Alley,NA,NA
Nominee,2021,94,BEST PICTURE,The Power of the Dog,NA,NA
Nominee,2021,94,BEST PICTURE,West Side Story,NA,NA
Nominee,2022,95,ACTOR IN A LEADING ROLE,Austin Butler,Elvis,Elvis
Nominee,2022,95,ACTOR IN A LEADING ROLE,Colin Farrell,The Banshees of Inisherin,Pádraic Súilleabháin
Winner,2022,95,ACTOR IN A LEADING ROLE,Brendan Fraser,The Whale,Charlie
Nominee,2022,95,ACTOR IN A LEADING ROLE,Paul Mescal,Aftersun,Calum
Nominee,2022,95,ACTOR IN A LEADING ROLE,Bill Nighy,Living,Williams
Nominee,2022,95,ACTOR IN A SUPPORTING ROLE,Brendan Gleeson,The Banshees of Inisherin,Colm Doherty
Nominee,2022,95,ACTOR IN A SUPPORTING ROLE,Brian Tyree Henry,Causeway,James
Nominee,2022,95,ACTOR IN A SUPPORTING ROLE,Judd Hirsch,The Fabelmans,Uncle Boris
Nominee,2022,95,ACTOR IN A SUPPORTING ROLE,Barry Keoghan,The Banshees of Inisherin,Dominic Kearney
Winner,2022,95,ACTOR IN A SUPPORTING ROLE,Ke Huy Quan,Everything Everywhere All at Once,Waymond Wang
Nominee,2022,95,ACTRESS IN A LEADING ROLE,Cate Blanchett,Tár,Lydia Tár
Nominee,2022,95,ACTRESS IN A LEADING ROLE,Ana de Armas,Blonde,Norma Jeane
Nominee,2022,95,ACTRESS IN A LEADING ROLE,Andrea Riseborough,To Leslie,Leslie
Nominee,2022,95,ACTRESS IN A LEADING ROLE,Michelle Williams,The Fabelmans,Mitzi Fabelman
Winner,2022,95,ACTRESS IN A LEADING ROLE,Michelle Yeoh,Everything Everywhere All at Once,Evelyn Wang
Nominee,2022,95,ACTRESS IN A SUPPORTING ROLE,Angela Bassett,Black Panther: Wakanda Forever,Ramonda
Nominee,2022,95,ACTRESS IN A SUPPORTING ROLE,Hong Chau,The Whale,Liz
Nominee,2022,95,ACTRESS IN A SUPPORTING ROLE,Kerry Condon,The Banshees of Inisherin,Siobhán Súilleabháin
Winner,2022,95,ACTRESS IN A SUPPORTING ROLE,Jamie Lee Curtis,Everything Everywhere All at Once,Deirdre Beaubeirdra
Nominee,2022,95,ACTRESS IN A SUPPORTING ROLE,Stephanie Hsu,Everything Everywhere All at Once,Joy Wang/Jobu Tupaki
Nominee,2022,95,DIRECTING,The Banshees of Inisherin,NA,NA
Winner,2022,95,DIRECTING,Everything Everywhere All at Once,NA,NA
Nominee,2022,95,DIRECTING,The Fabelmans,NA,NA
Nominee,2022,95,DIRECTING,Tár,NA,NA
Nominee,2022,95,DIRECTING,Triangle of Sadness,NA,NA
Nominee,2022,95,BEST PICTURE,All Quiet on the Western Front,NA,NA
Nominee,2022,95,BEST PICTURE,Avatar: The Way of Water,NA,NA
Nominee,2022,95,BEST PICTURE,The Banshees of Inisherin,NA,NA
Nominee,2022,95,BEST PICTURE,Elvis,NA,NA
Winner,2022,95,BEST PICTURE,Everything Everywhere All at Once,NA,NA
Nominee,2022,95,BEST PICTURE,The Fabelmans,NA,NA
Nominee,2022,95,BEST PICTURE,Tár,NA,NA
Nominee,2022,95,BEST PICTURE,Top Gun: Maverick,NA,NA
Nominee,2022,95,BEST PICTURE,Triangle of Sadness,NA,NA
Nominee,2022,95,BEST PICTURE,Women Talking,NA,NA
Nominee,2023,96,ACTOR IN A LEADING ROLE,Bradley Cooper,Maestro,Leonard Bernstein
Nominee,2023,96,ACTOR IN A LEADING ROLE,Colman Domingo,Rustin,Bayard Rustin
Nominee,2023,96,ACTOR IN A LEADING ROLE,Paul Giamatti,The Holdovers,Paul Hunham
Winner,2023,96,ACTOR IN A LEADING ROLE,Cillian Murphy,Oppenheimer,J. Robert Oppenheimer
Nominee,2023,96,ACTOR IN A LEADING ROLE,Jeffrey Wright,American Fiction,Thelonious ‘Monk’ Ellison
Nominee,2023,96,ACTOR IN A SUPPORTING ROLE,Sterling K. Brown,American Fiction,Clifford Ellison
Nominee,2023,96,ACTOR IN A SUPPORTING ROLE,Robert De Niro,Killers of the Flower Moon,William Hale
Winner,2023,96,ACTOR IN A SUPPORTING ROLE,Robert Downey Jr.,Oppenheimer,Lewis Strauss
Nominee,2023,96,ACTOR IN A SUPPORTING ROLE,Ryan Gosling,Barbie,Ken
Nominee,2023,96,ACTOR IN A SUPPORTING ROLE,Mark Ruffalo,Poor Things,Duncan Wedderburn
Nominee,2023,96,ACTRESS IN A LEADING ROLE,Annette Bening,Nyad,Diana Nyad
Nominee,2023,96,ACTRESS IN A LEADING ROLE,Lily Gladstone,Killers of the Flower Moon,Mollie Burkhart
Nominee,2023,96,ACTRESS IN A LEADING ROLE,Sandra Hüller,Anatomy of a Fall,Sandra
Nominee,2023,96,ACTRESS IN A LEADING ROLE,Carey Mulligan,Maestro,Felicia Montealegre
Winner,2023,96,ACTRESS IN A LEADING ROLE,Emma Stone,Poor Things,Bella Baxter
Nominee,2023,96,ACTRESS IN A SUPPORTING ROLE,Emily Blunt,Oppenheimer,Kitty Oppenheimer
Nominee,2023,96,ACTRESS IN A SUPPORTING ROLE,Danielle Brooks,The Color Purple,Sofia
Nominee,2023,96,ACTRESS IN A SUPPORTING ROLE,America Ferrera,Barbie,Gloria
Nominee,2023,96,ACTRESS IN A SUPPORTING ROLE,Jodie Foster,Nyad,Bonnie Stoll
Winner,2023,96,ACTRESS IN A SUPPORTING ROLE,Da'Vine Joy Randolph,The Holdovers,Mary Lamb
Nominee,2023,96,DIRECTING,Anatomy of a Fall,NA,NA
Nominee,2023,96,DIRECTING,Killers of the Flower Moon,NA,NA
Winner,2023,96,DIRECTING,Oppenheimer,NA,NA
Nominee,2023,96,DIRECTING,Poor Things,NA,NA
Nominee,2023,96,DIRECTING,The Zone of Interest,NA,NA
Nominee,2023,96,BEST PICTURE,American Fiction,NA,NA
Nominee,2023,96,BEST PICTURE,Anatomy of a Fall,NA,NA
Nominee,2023,96,BEST PICTURE,Barbie,NA,NA
Nominee,2023,96,BEST PICTURE,The Holdovers,NA,NA
Nominee,2023,96,BEST PICTURE,Killers of the Flower Moon,NA,NA
Nominee,2023,96,BEST PICTURE,Maestro,NA,NA
Winner,2023,96,BEST PICTURE,Oppenheimer,NA,NA
Nominee,2023,96,BEST PICTURE,Past Lives,NA,NA
Nominee,2023,96,BEST PICTURE,Poor Things,NA,NA
Nominee,2023,96,BEST PICTURE,The Zone of Interest,NA,NA
Winner,2024,97,ACTOR IN A LEADING ROLE,Adrien Brody,The Brutalist,László Tóth
Nominee,2024,97,ACTOR IN A LEADING ROLE,Timothée Chalamet,A Complete Unknown,Bob Dylan
Nominee,2024,97,ACTOR IN A LEADING ROLE,Colman Domingo,Sing Sing,Divine G
Nominee,2024,97,ACTOR IN A LEADING ROLE,Ralph Fiennes,Conclave,Lawrence
Nominee,2024,97,ACTOR IN A LEADING ROLE,Sebastian Stan,The Apprentice,Donald Trump
Nominee,2024,97,ACTOR IN A SUPPORTING ROLE,Yura Borisov,Anora,Igor
Winner,2024,97,ACTOR IN A SUPPORTING ROLE,Kieran Culkin,A Real Pain,Benji Kaplan
Nominee,2024,97,ACTOR IN A SUPPORTING ROLE,Edward Norton,A Complete Unknown,Pete Seeger
Nominee,2024,97,ACTOR IN A SUPPORTING ROLE,Guy Pearce,The Brutalist,Harrison Leo Van Buren Sr.
Nominee,2024,97,ACTOR IN A SUPPORTING ROLE,Jeremy Strong,The Apprentice,Roy Cohn
Nominee,2024,97,ACTRESS IN A LEADING ROLE,Cynthia Erivo,Wicked,Elphaba
Nominee,2024,97,ACTRESS IN A LEADING ROLE,Karla Sofía Gascón,Emilia Pérez,Emilia/Manitas
Winner,2024,97,ACTRESS IN A LEADING ROLE,Mikey Madison,Anora,Ani
Nominee,2024,97,ACTRESS IN A LEADING ROLE,Demi Moore,The Substance,Elisabeth Sparkle
Nominee,2024,97,ACTRESS IN A LEADING ROLE,Fernanda Torres,I'm Still Here,Eunice Paiva
Nominee,2024,97,ACTRESS IN A SUPPORTING ROLE,Monica Barbaro,A Complete Unknown,Joan Baez
Nominee,2024,97,ACTRESS IN A SUPPORTING ROLE,Ariana Grande,Wicked,Galinda/Glinda
Nominee,2024,97,ACTRESS IN A SUPPORTING ROLE,Felicity Jones,The Brutalist,Erzébet Tóth
Nominee,2024,97,ACTRESS IN A SUPPORTING ROLE,Isabella Rossellini,Conclave,Sister Agnes
Winner,2024,97,ACTRESS IN A SUPPORTING ROLE,Zoe Saldaña,Emilia Pérez,Rita
Winner,2024,97,DIRECTING,Anora,NA,NA
Nominee,2024,97,DIRECTING,The Brutalist,NA,NA
Nominee,2024,97,DIRECTING,A Complete Unknown,NA,NA
Nominee,2024,97,DIRECTING,Emilia Pérez,NA,NA
Nominee,2024,97,DIRECTING,The Substance,NA,NA
Winner,2024,97,BEST PICTURE,Anora,NA,NA
Nominee,2024,97,BEST PICTURE,The Brutalist,NA,NA
Nominee,2024,97,BEST PICTURE,A Complete Unknown,NA,NA
Nominee,2024,97,BEST PICTURE,Conclave,NA,NA
Nominee,2024,97,BEST PICTURE,Dune: Part Two,NA,NA
Nominee,2024,97,BEST PICTURE,Emilia Pérez,NA,NA
Nominee,2024,97,BEST PICTURE,I'm Still Here,NA,NA
Nominee,2024,97,BEST PICTURE,Nickel Boys,NA,NA
Nominee,2024,97,BEST PICTURE,The Substance,NA,NA
Nominee,2024,97,BEST PICTURE,Wicked,NA,NA
Nominee,1996,69,ACTOR IN A LEADING ROLE,Tom Cruise,Jerry Maguire,Jerry Maguire
Nominee,1996,69,ACTOR IN A LEADING ROLE,Ralph Fiennes,The English Patient,Almasy
Nominee,1996,69,ACTOR IN A LEADING ROLE,Woody Harrelson,The People vs. Larry Flynt,Larry Flynt
Winner,1996,69,ACTOR IN A LEADING ROLE,Geoffrey Rush,Shine,David Helfgott
Nominee,1996,69,ACTOR IN A LEADING ROLE,Billy Bob Thornton,Sling Blade,Karl Childers
Winner,1996,69,ACTOR IN A SUPPORTING ROLE,"Cuba Gooding, Jr.",Jerry Maguire,Rod Tidwell
Nominee,1996,69,ACTOR IN A SUPPORTING ROLE,William H. Macy,Fargo,Jerry Lundegaard
Nominee,1996,69,ACTOR IN A SUPPORTING ROLE,Armin Mueller,Shine,Peter Helfgott
Nominee,1996,69,ACTOR IN A SUPPORTING ROLE,Edward Norton,Primal Fear,Aaron Stampler
Nominee,1996,69,ACTOR IN A SUPPORTING ROLE,James Woods,Ghosts of Mississippi,Byron De La Beckwith
Nominee,1996,69,ACTRESS IN A LEADING ROLE,Brenda Blethyn,Secrets & Lies,Cynthia
Nominee,1996,69,ACTRESS IN A LEADING ROLE,Diane Keaton,Marvin's Room,Bessie
Winner,1996,69,ACTRESS IN A LEADING ROLE,Frances McDormand,Fargo,Marge Gunderson
Nominee,1996,69,ACTRESS IN A LEADING ROLE,Kristin Scott Thomas,The English Patient,Katharine Clifton
Nominee,1996,69,ACTRESS IN A LEADING ROLE,Emily Watson,Breaking the Waves,Bess
Nominee,1996,69,ACTRESS IN A SUPPORTING ROLE,Joan Allen,The Crucible,Elizabeth Proctor
Nominee,1996,69,ACTRESS IN A SUPPORTING ROLE,Lauren Bacall,The Mirror Has Two Faces,Hannah Morgan
Winner,1996,69,ACTRESS IN A SUPPORTING ROLE,Juliette Binoche,The English Patient,Hana
Nominee,1996,69,ACTRESS IN A SUPPORTING ROLE,Barbara Hershey,The Portrait of a Lady,Madame Serena Merle
Nominee,1996,69,ACTRESS IN A SUPPORTING ROLE,Marianne Jean,Secrets & Lies,Hortense
Winner,1996,69,DIRECTING,The English Patient,NA,NA
Nominee,1996,69,DIRECTING,Fargo,NA,NA
Nominee,1996,69,DIRECTING,The People vs. Larry Flynt,NA,NA
Nominee,1996,69,DIRECTING,Secrets & Lies,NA,NA
Nominee,1996,69,DIRECTING,Shine,NA,NA
Winner,1996,69,BEST PICTURE,The English Patient,NA,NA
Nominee,1996,69,BEST PICTURE,Fargo,NA,NA
Nominee,1996,69,BEST PICTURE,Jerry Maguire,NA,NA
Nominee,1996,69,BEST PICTURE,Secrets & Lies,NA,NA
Nominee,1996,69,BEST PICTURE,Shine,NA,NA
Nominee,1997,70,ACTOR IN A LEADING ROLE,Matt Damon,Good Will Hunting,Will Hunting
Nominee,1997,70,ACTOR IN A LEADING ROLE,Robert Duvall,The Apostle,The Apostle E.F.
Nominee,1997,70,ACTOR IN A LEADING ROLE,Peter Fonda,Ulee's Gold,Ulee Jackson
Nominee,1997,70,ACTOR IN A LEADING ROLE,Dustin Hoffman,Wag the Dog,Stanley Motss
Winner,1997,70,ACTOR IN A LEADING ROLE,Jack Nicholson,As Good as It Gets,Melvin Udall
Nominee,1997,70,ACTOR IN A SUPPORTING ROLE,Robert Forster,Jackie Brown,Max Cherry
Nominee,1997,70,ACTOR IN A SUPPORTING ROLE,Anthony Hopkins,Amistad,John Quincy Adams
Nominee,1997,70,ACTOR IN A SUPPORTING ROLE,Greg Kinnear,As Good as It Gets,Simon Bishop
Nominee,1997,70,ACTOR IN A SUPPORTING ROLE,Burt Reynolds,Boogie Nights,Jack Horner
Winner,1997,70,ACTOR IN A SUPPORTING ROLE,Robin Williams,Good Will Hunting,Sean McGuire
Nominee,1997,70,ACTRESS IN A LEADING ROLE,Helena Bonham Carter,The Wings of the Dove,Kate Croy
Nominee,1997,70,ACTRESS IN A LEADING ROLE,Julie Christie,Afterglow,Phyllis Mann
Nominee,1997,70,ACTRESS IN A LEADING ROLE,Judi Dench,Mrs. Brown,Queen Victoria
Winner,1997,70,ACTRESS IN A LEADING ROLE,Helen Hunt,As Good as It Gets,Carol Connelly
Nominee,1997,70,ACTRESS IN A LEADING ROLE,Kate Winslet,Titanic,Rose DeWitt Bukater
Winner,1997,70,ACTRESS IN A SUPPORTING ROLE,Kim Basinger,L.A. Confidential,Lynn Bracken
Nominee,1997,70,ACTRESS IN A SUPPORTING ROLE,Joan Cusack,In & Out,Emily Montgomery
Nominee,1997,70,ACTRESS IN A SUPPORTING ROLE,Minnie Driver,Good Will Hunting,Skylar
Nominee,1997,70,ACTRESS IN A SUPPORTING ROLE,Julianne Moore,Boogie Nights,Amber Waves
Nominee,1997,70,ACTRESS IN A SUPPORTING ROLE,Gloria Stuart,Titanic,Old Rose
Nominee,1997,70,DIRECTING,The Full Monty,NA,NA
Nominee,1997,70,DIRECTING,Good Will Hunting,NA,NA
Nominee,1997,70,DIRECTING,L.A. Confidential,NA,NA
Nominee,1997,70,DIRECTING,The Sweet Hereafter,NA,NA
Winner,1997,70,DIRECTING,Titanic,NA,NA
Nominee,1997,70,BEST PICTURE,As Good as It Gets,NA,NA
Nominee,1997,70,BEST PICTURE,The Full Monty,NA,NA
Nominee,1997,70,BEST PICTURE,Good Will Hunting,NA,NA
Nominee,1997,70,BEST PICTURE,L.A. Confidential,NA,NA
Winner,1997,70,BEST PICTURE,Titanic,NA,NA
Winner,1998,71,ACTOR IN A LEADING ROLE,Roberto Benigni,Life Is Beautiful,Guido
Nominee,1998,71,ACTOR IN A LEADING ROLE,Tom Hanks,Saving Private Ryan,Captain Miller
Nominee,1998,71,ACTOR IN A LEADING ROLE,Ian McKellen,Gods and Monsters,James Whale
Nominee,1998,71,ACTOR IN A LEADING ROLE,Nick Nolte,Affliction,Wade Whitehouse
Nominee,1998,71,ACTOR IN A LEADING ROLE,Edward Norton,American History X,Derek
Winner,1998,71,ACTOR IN A SUPPORTING ROLE,James Coburn,Affliction,Glen Whitehouse
Nominee,1998,71,ACTOR IN A SUPPORTING ROLE,Robert Duvall,A Civil Action,Jerome Facher
Nominee,1998,71,ACTOR IN A SUPPORTING ROLE,Ed Harris,The Truman Show,Christof
Nominee,1998,71,ACTOR IN A SUPPORTING ROLE,Geoffrey Rush,Shakespeare in Love,Philip Henslowe
Nominee,1998,71,ACTOR IN A SUPPORTING ROLE,Billy Bob Thornton,A Simple Plan,Jacob
Nominee,1998,71,ACTRESS IN A LEADING ROLE,Cate Blanchett,Elizabeth,Queen Elizabeth I
Nominee,1998,71,ACTRESS IN A LEADING ROLE,Fernanda Montenegro,Central Station,Dora
Winner,1998,71,ACTRESS IN A LEADING ROLE,Gwyneth Paltrow,Shakespeare in Love,Viola De Lesseps
Nominee,1998,71,ACTRESS IN A LEADING ROLE,Meryl Streep,One True Thing,Kate Gulden
Nominee,1998,71,ACTRESS IN A LEADING ROLE,Emily Watson,Hilary and Jackie,Jacqueline du Pré
Nominee,1998,71,ACTRESS IN A SUPPORTING ROLE,Kathy Bates,Primary Colors,Libby
Nominee,1998,71,ACTRESS IN A SUPPORTING ROLE,Brenda Blethyn,Little Voice,Mari
Winner,1998,71,ACTRESS IN A SUPPORTING ROLE,Judi Dench,Shakespeare in Love,Queen Elizabeth I
Nominee,1998,71,ACTRESS IN A SUPPORTING ROLE,Rachel Griffiths,Hilary and Jackie,Hilary du Pré
Nominee,1998,71,ACTRESS IN A SUPPORTING ROLE,Lynn Redgrave,Gods and Monsters,Hanna
Nominee,1998,71,DIRECTING,Life Is Beautiful,NA,NA
Winner,1998,71,DIRECTING,Saving Private Ryan,NA,NA
Nominee,1998,71,DIRECTING,Shakespeare in Love,NA,NA
Nominee,1998,71,DIRECTING,The Thin Red Line,NA,NA
Nominee,1998,71,DIRECTING,The Truman Show,NA,NA
Nominee,1998,71,BEST PICTURE,Elizabeth,NA,NA
Nominee,1998,71,BEST PICTURE,Life Is Beautiful,NA,NA
Nominee,1998,71,BEST PICTURE,Saving Private Ryan,NA,NA
Winner,1998,71,BEST PICTURE,Shakespeare in Love,NA,NA
Nominee,1998,71,BEST PICTURE,The Thin Red Line,NA,NA
Nominee,1999,72,ACTOR IN A LEADING ROLE,Russell Crowe,The Insider,Jeffrey Wigand
Nominee,1999,72,ACTOR IN A LEADING ROLE,Richard Farnsworth,The Straight Story,Alvin Straight
Nominee,1999,72,ACTOR IN A LEADING ROLE,Sean Penn,Sweet and Lowdown,Emmet Ray
Winner,1999,72,ACTOR IN A LEADING ROLE,Kevin Spacey,American Beauty,Lester Burnham
Nominee,1999,72,ACTOR IN A LEADING ROLE,Denzel Washington,The Hurricane,Rubin 'Hurricane' Carter
Winner,1999,72,ACTOR IN A SUPPORTING ROLE,Michael Caine,The Cider House Rules,Dr. Wilbur Larch
Nominee,1999,72,ACTOR IN A SUPPORTING ROLE,Tom Cruise,Magnolia,Frank T.J. Mackey
Nominee,1999,72,ACTOR IN A SUPPORTING ROLE,Michael Clarke Duncan,The Green Mile,John Coffey
Nominee,1999,72,ACTOR IN A SUPPORTING ROLE,Jude Law,The Talented Mr. Ripley,Dickie Greenleaf
Nominee,1999,72,ACTOR IN A SUPPORTING ROLE,Haley Joel Osment,The Sixth Sense,Cole Sear
Nominee,1999,72,ACTRESS IN A LEADING ROLE,Annette Bening,American Beauty,Carolyn Burnham
Nominee,1999,72,ACTRESS IN A LEADING ROLE,Janet McTeer,Tumbleweeds,Mary Jo Walker
Nominee,1999,72,ACTRESS IN A LEADING ROLE,Julianne Moore,The End of the Affair,Sarah Miles
Nominee,1999,72,ACTRESS IN A LEADING ROLE,Meryl Streep,Music of the Heart,Roberta Guaspari
Winner,1999,72,ACTRESS IN A LEADING ROLE,Hilary Swank,Boys Don't Cry,Brandon Teena/Teena Brandon
Nominee,1999,72,ACTRESS IN A SUPPORTING ROLE,Toni Collette,The Sixth Sense,Lynn Sear
Winner,1999,72,ACTRESS IN A SUPPORTING ROLE,Angelina Jolie,"Girl, Interrupted",Lisa Rowe
Nominee,1999,72,ACTRESS IN A SUPPORTING ROLE,Catherine Keener,Being John Malkovich,Maxine
Nominee,1999,72,ACTRESS IN A SUPPORTING ROLE,Samantha Morton,Sweet and Lowdown,Hattie
Nominee,1999,72,ACTRESS IN A SUPPORTING ROLE,Chloë Sevigny,Boys Don't Cry,Lana Tisdel
Winner,1999,72,DIRECTING,American Beauty,NA,NA
Nominee,1999,72,DIRECTING,Being John Malkovich,NA,NA
Nominee,1999,72,DIRECTING,The Cider House Rules,NA,NA
Nominee,1999,72,DIRECTING,The Insider,NA,NA
Nominee,1999,72,DIRECTING,The Sixth Sense,NA,NA
Winner,1999,72,BEST PICTURE,American Beauty,NA,NA
Nominee,1999,72,BEST PICTURE,The Cider House Rules,NA,NA
Nominee,1999,72,BEST PICTURE,The Green Mile,NA,NA
Nominee,1999,72,BEST PICTURE,The Insider,NA,NA
Nominee,1999,72,BEST PICTURE,The Sixth Sense,NA,NA
Nominee,2000,73,ACTOR IN A LEADING ROLE,Javier Bardem,Before Night Falls,Reinaldo Arenas
Winner,2000,73,ACTOR IN A LEADING ROLE,Russell Crowe,Gladiator,Maximus Decimus Meridius
Nominee,2000,73,ACTOR IN A LEADING ROLE,Tom Hanks,Cast Away,Chuck Noland
Nominee,2000,73,ACTOR IN A LEADING ROLE,Ed Harris,Pollock,Jackson Pollock
Nominee,2000,73,ACTOR IN A LEADING ROLE,Geoffrey Rush,Quills,The Marquis de Sade
Nominee,2000,73,ACTOR IN A SUPPORTING ROLE,Jeff Bridges,The Contender,President Jackson Evans
Nominee,2000,73,ACTOR IN A SUPPORTING ROLE,Willem Dafoe,Shadow of the Vampire,Max Schreck
Winner,2000,73,ACTOR IN A SUPPORTING ROLE,Benicio Del Toro,Traffic,Javier Rodriguez
Nominee,2000,73,ACTOR IN A SUPPORTING ROLE,Albert Finney,Erin Brockovich,Ed Masry
Nominee,2000,73,ACTOR IN A SUPPORTING ROLE,Joaquin Phoenix,Gladiator,Commodus
Nominee,2000,73,ACTOR IN A SUPPORTING ROLE,ACTRESS IN A LEADING ROLE,NA,NA
Nominee,2000,73,ACTOR IN A SUPPORTING ROLE,Joan Allen,The Contender,Laine Hanson
Nominee,2000,73,ACTOR IN A SUPPORTING ROLE,Juliette Binoche,Chocolat,Vianne Rocher
Nominee,2000,73,ACTOR IN A SUPPORTING ROLE,Ellen Burstyn,Requiem for a Dream,Sara Goldfarb
Nominee,2000,73,ACTOR IN A SUPPORTING ROLE,Laura Linney,You Can Count on Me,Samantha 'Sammy' Prescott
Winner,2000,73,ACTOR IN A SUPPORTING ROLE,Julia Roberts,Erin Brockovich,Erin Brockovich
Nominee,2000,73,ACTRESS IN A SUPPORTING ROLE,Judi Dench,Chocolat,Armande Voizin
Winner,2000,73,ACTRESS IN A SUPPORTING ROLE,Marcia Gay Harden,Pollock,Lee Krasner
Nominee,2000,73,ACTRESS IN A SUPPORTING ROLE,Kate Hudson,Almost Famous,Penny Lane
Nominee,2000,73,ACTRESS IN A SUPPORTING ROLE,Frances McDormand,Almost Famous,Elaine Miller
Nominee,2000,73,ACTRESS IN A SUPPORTING ROLE,Julie Walters,Billy Elliot,Mrs. Wilkinson
Nominee,2000,73,DIRECTING,Billy Elliot,NA,NA
Nominee,2000,73,DIRECTING,"Crouching Tiger, Hidden Dragon",NA,NA
Nominee,2000,73,DIRECTING,Erin Brockovich,NA,NA
Nominee,2000,73,DIRECTING,Gladiator,NA,NA
Winner,2000,73,DIRECTING,Traffic,NA,NA
Nominee,2000,73,BEST PICTURE,Chocolat,NA,NA
Nominee,2000,73,BEST PICTURE,"Crouching Tiger, Hidden Dragon",NA,NA
Nominee,2000,73,BEST PICTURE,Erin Brockovich,NA,NA
Winner,2000,73,BEST PICTURE,Gladiator,NA,NA
Nominee,2000,73,BEST PICTURE,Traffic,NA,NA
Nominee,2001,74,ACTOR IN A LEADING ROLE,Russell Crowe,A Beautiful Mind,John Nash
Nominee,2001,74,ACTOR IN A LEADING ROLE,Sean Penn,I Am Sam,Sam Dawson
Nominee,2001,74,ACTOR IN A LEADING ROLE,Will Smith,Ali,Muhammad Ali
Winner,2001,74,ACTOR IN A LEADING ROLE,Denzel Washington,Training Day,Alonzo
Nominee,2001,74,ACTOR IN A LEADING ROLE,Tom Wilkinson,In the Bedroom,Matt Fowler
Winner,2001,74,ACTOR IN A SUPPORTING ROLE,Jim Broadbent,Iris,John Bayley
Nominee,2001,74,ACTOR IN A SUPPORTING ROLE,Ethan Hawke,Training Day,Jake
Nominee,2001,74,ACTOR IN A SUPPORTING ROLE,Ben Kingsley,Sexy Beast,Don Logan
Nominee,2001,74,ACTOR IN A SUPPORTING ROLE,Ian McKellen,The Lord of the Rings: The Fellowship of the Ring,Gandalf
Nominee,2001,74,ACTOR IN A SUPPORTING ROLE,Jon Voight,Ali,Howard Cosell
Winner,2001,74,ACTRESS IN A LEADING ROLE,Halle Berry,Monster's Ball,Leticia Musgrove
Nominee,2001,74,ACTRESS IN A LEADING ROLE,Judi Dench,Iris,Iris Murdoch
Nominee,2001,74,ACTRESS IN A LEADING ROLE,Nicole Kidman,Moulin Rouge,Satine
Nominee,2001,74,ACTRESS IN A LEADING ROLE,Sissy Spacek,In the Bedroom,Ruth Fowler
Nominee,2001,74,ACTRESS IN A LEADING ROLE,Renée Zellweger,Bridget Jones's Diary,Bridget Jones
Winner,2001,74,ACTRESS IN A SUPPORTING ROLE,Jennifer Connelly,A Beautiful Mind,Alicia Nash
Nominee,2001,74,ACTRESS IN A SUPPORTING ROLE,Helen Mirren,Gosford Park,Mrs. Wilson
Nominee,2001,74,ACTRESS IN A SUPPORTING ROLE,Maggie Smith,Gosford Park,"Constance, Countess of Trentham"
Nominee,2001,74,ACTRESS IN A SUPPORTING ROLE,Marisa Tomei,In the Bedroom,Natalie Strout
Nominee,2001,74,ACTRESS IN A SUPPORTING ROLE,Kate Winslet,Iris,Young Iris Murdoch
Winner,2001,74,DIRECTING,A Beautiful Mind,NA,NA
Nominee,2001,74,DIRECTING,Black Hawk Down,NA,NA
Nominee,2001,74,DIRECTING,Gosford Park,NA,NA
Nominee,2001,74,DIRECTING,The Lord of the Rings: The Fellowship of the Ring,NA,NA
Nominee,2001,74,DIRECTING,Mulholland Drive,NA,NA
Winner,2001,74,BEST PICTURE,A Beautiful Mind,NA,NA
Nominee,2001,74,BEST PICTURE,Gosford Park,NA,NA
Nominee,2001,74,BEST PICTURE,In the Bedroom,NA,NA
Nominee,2001,74,BEST PICTURE,The Lord of the Rings: The Fellowship of the Ring,NA,NA
Nominee,2001,74,BEST PICTURE,Moulin Rouge,NA,NA
Winner,2002,75,ACTOR IN A LEADING ROLE,Adrien Brody,The Pianist,Wladyslaw Szpilman
Nominee,2002,75,ACTOR IN A LEADING ROLE,Nicolas Cage,Adaptation,Charlie Kaufman & Donald Kaufman
Nominee,2002,75,ACTOR IN A LEADING ROLE,Michael Caine,The Quiet American,Thomas Fowler
Nominee,2002,75,ACTOR IN A LEADING ROLE,Daniel Day,Gangs of New York,Bill 'The Butcher' Cutting
Nominee,2002,75,ACTOR IN A LEADING ROLE,Jack Nicholson,About Schmidt,Warren Schmidt
Winner,2002,75,ACTOR IN A SUPPORTING ROLE,Chris Cooper,Adaptation,John Laroche
Nominee,2002,75,ACTOR IN A SUPPORTING ROLE,Ed Harris,The Hours,Richard Brown
Nominee,2002,75,ACTOR IN A SUPPORTING ROLE,Paul Newman,Road to Perdition,John Rooney
Nominee,2002,75,ACTOR IN A SUPPORTING ROLE,John C. Reilly,Chicago,Amos Hart
Nominee,2002,75,ACTOR IN A SUPPORTING ROLE,Christopher Walken,Catch Me If You Can,Frank Abagnale
Nominee,2002,75,ACTRESS IN A LEADING ROLE,Salma Hayek,Frida,Frida Kahlo
Winner,2002,75,ACTRESS IN A LEADING ROLE,Nicole Kidman,The Hours,Virginia Woolf
Nominee,2002,75,ACTRESS IN A LEADING ROLE,Diane Lane,Unfaithful,Connie Sumner
Nominee,2002,75,ACTRESS IN A LEADING ROLE,Julianne Moore,Far from Heaven,Cathy Whitaker
Nominee,2002,75,ACTRESS IN A LEADING ROLE,Renée Zellweger,Chicago,Roxie Hart
Nominee,2002,75,ACTRESS IN A SUPPORTING ROLE,Kathy Bates,About Schmidt,Roberta Hertzel
Nominee,2002,75,ACTRESS IN A SUPPORTING ROLE,Julianne Moore,The Hours,Laura Brown
Nominee,2002,75,ACTRESS IN A SUPPORTING ROLE,Queen Latifah,Chicago,Matron Mama Morton
Nominee,2002,75,ACTRESS IN A SUPPORTING ROLE,Meryl Streep,Adaptation,Susan Orlean
Winner,2002,75,ACTRESS IN A SUPPORTING ROLE,Catherine Zeta,Chicago,Velma Kelly
Nominee,2002,75,DIRECTING,Chicago,NA,NA
Nominee,2002,75,DIRECTING,Gangs of New York,NA,NA
Nominee,2002,75,DIRECTING,The Hours,NA,NA
Winner,2002,75,DIRECTING,The Pianist,NA,NA
Nominee,2002,75,DIRECTING,Talk to Her,NA,NA
Winner,2002,75,BEST PICTURE,Chicago,NA,NA
Nominee,2002,75,BEST PICTURE,Gangs of New York,NA,NA
Nominee,2002,75,BEST PICTURE,The Hours,NA,NA
Nominee,2002,75,BEST PICTURE,The Lord of the Rings: The Two Towers,NA,NA
Nominee,2002,75,BEST PICTURE,The Pianist,NA,NA
Nominee,2003,76,ACTOR IN A LEADING ROLE,Johnny Depp,Pirates of the Caribbean: The Curse of the Black Pearl,Jack Sparrow
Nominee,2003,76,ACTOR IN A LEADING ROLE,Ben Kingsley,House of Sand and Fog,Behrani
Nominee,2003,76,ACTOR IN A LEADING ROLE,Jude Law,Cold Mountain,Inman
Nominee,2003,76,ACTOR IN A LEADING ROLE,Bill Murray,Lost in Translation,Bob Harris
Winner,2003,76,ACTOR IN A LEADING ROLE,Sean Penn,Mystic River,Jimmy Markum
Nominee,2003,76,ACTOR IN A SUPPORTING ROLE,Alec Baldwin,The Cooler,Shelly Kaplow
Nominee,2003,76,ACTOR IN A SUPPORTING ROLE,Benicio Del Toro,21 Grams,Jack Jordan
Nominee,2003,76,ACTOR IN A SUPPORTING ROLE,Djimon Hounsou,In America,Mateo
Winner,2003,76,ACTOR IN A SUPPORTING ROLE,Tim Robbins,Mystic River,Dave Boyle
Nominee,2003,76,ACTOR IN A SUPPORTING ROLE,Ken Watanabe,The Last Samurai,Katsumoto
Nominee,2003,76,ACTRESS IN A LEADING ROLE,Keisha Castle,Whale Rider,Paikea
Nominee,2003,76,ACTRESS IN A LEADING ROLE,Diane Keaton,Something's Gotta Give,Erica Barry
Nominee,2003,76,ACTRESS IN A LEADING ROLE,Samantha Morton,In America,Sarah
Winner,2003,76,ACTRESS IN A LEADING ROLE,Charlize Theron,Monster,Aileen Wuornos
Nominee,2003,76,ACTRESS IN A LEADING ROLE,Naomi Watts,21 Grams,Cristina Peck
Nominee,2003,76,ACTRESS IN A SUPPORTING ROLE,Shohreh Aghdashloo,House of Sand and Fog,Nadi
Nominee,2003,76,ACTRESS IN A SUPPORTING ROLE,Patricia Clarkson,Pieces of April,Joy Burns
Nominee,2003,76,ACTRESS IN A SUPPORTING ROLE,Marcia Gay Harden,Mystic River,Celeste Boyle
Nominee,2003,76,ACTRESS IN A SUPPORTING ROLE,Holly Hunter,Thirteen,Melanie
Winner,2003,76,ACTRESS IN A SUPPORTING ROLE,Renée Zellweger,Cold Mountain,Ruby Thewes
Nominee,2003,76,DIRECTING,City of God,NA,NA
Winner,2003,76,DIRECTING,The Lord of the Rings: The Return of the King,NA,NA
Nominee,2003,76,DIRECTING,Lost in Translation,NA,NA
Nominee,2003,76,DIRECTING,Master and Commander: The Far Side of the World,NA,NA
Nominee,2003,76,DIRECTING,Mystic River,NA,NA
Winner,2003,76,BEST PICTURE,The Lord of the Rings: The Return of the King,NA,NA
Nominee,2003,76,BEST PICTURE,Lost in Translation,NA,NA
Nominee,2003,76,BEST PICTURE,Master and Commander: The Far Side of the World,NA,NA
Nominee,2003,76,BEST PICTURE,Mystic River,NA,NA
Nominee,2003,76,BEST PICTURE,Seabiscuit,NA,NA
Nominee,2004,77,ACTOR IN A LEADING ROLE,Don Cheadle,Hotel Rwanda,Paul Rusesabagina
Nominee,2004,77,ACTOR IN A LEADING ROLE,Johnny Depp,Finding Neverland,Sir James Matthew Barrie
Nominee,2004,77,ACTOR IN A LEADING ROLE,Leonardo DiCaprio,The Aviator,Howard Hughes
Nominee,2004,77,ACTOR IN A LEADING ROLE,Clint Eastwood,Million Dollar Baby,Frankie Dunn
Winner,2004,77,ACTOR IN A LEADING ROLE,Jamie Foxx,Ray,Ray Charles
Nominee,2004,77,ACTOR IN A SUPPORTING ROLE,Alan Alda,The Aviator,Senator Ralph Owen Brewster
Nominee,2004,77,ACTOR IN A SUPPORTING ROLE,Thomas Haden Church,Sideways,Jack
Nominee,2004,77,ACTOR IN A SUPPORTING ROLE,Jamie Foxx,Collateral,Max
Winner,2004,77,ACTOR IN A SUPPORTING ROLE,Morgan Freeman,Million Dollar Baby,Eddie Scrap-Iron Dupris
Nominee,2004,77,ACTOR IN A SUPPORTING ROLE,Clive Owen,Closer,Larry
Nominee,2004,77,ACTRESS IN A LEADING ROLE,Annette Bening,Being Julia,Julia Lambert
Nominee,2004,77,ACTRESS IN A LEADING ROLE,Catalina Sandino Moreno,Maria Full of Grace,Maria
Nominee,2004,77,ACTRESS IN A LEADING ROLE,Imelda Staunton,Vera Drake,Vera
Winner,2004,77,ACTRESS IN A LEADING ROLE,Hilary Swank,Million Dollar Baby,Maggie Fitzgerald
Nominee,2004,77,ACTRESS IN A LEADING ROLE,Kate Winslet,Eternal Sunshine of the Spotless Mind,Clementine Kruczynski
Winner,2004,77,ACTRESS IN A SUPPORTING ROLE,Cate Blanchett,The Aviator,Katharine Hepburn
Nominee,2004,77,ACTRESS IN A SUPPORTING ROLE,Laura Linney,Kinsey,Clara McMillen
Nominee,2004,77,ACTRESS IN A SUPPORTING ROLE,Virginia Madsen,Sideways,Maya
Nominee,2004,77,ACTRESS IN A SUPPORTING ROLE,Sophie Okonedo,Hotel Rwanda,Tatiana Rusesabagina
Nominee,2004,77,ACTRESS IN A SUPPORTING ROLE,Natalie Portman,Closer,Alice
Nominee,2004,77,DIRECTING,The Aviator,NA,NA
Winner,2004,77,DIRECTING,Million Dollar Baby,NA,NA
Nominee,2004,77,DIRECTING,Ray,NA,NA
Nominee,2004,77,DIRECTING,Sideways,NA,NA
Nominee,2004,77,DIRECTING,Vera Drake,NA,NA
Nominee,2004,77,BEST PICTURE,The Aviator,NA,NA
Nominee,2004,77,BEST PICTURE,Finding Neverland,NA,NA
Winner,2004,77,BEST PICTURE,Million Dollar Baby,NA,NA
Nominee,2004,77,BEST PICTURE,Ray,NA,NA
Nominee,2004,77,BEST PICTURE,Sideways,NA,NA
Winner,2005,78,ACTOR IN A LEADING ROLE,Philip Seymour Hoffman,Capote,Truman Capote
Nominee,2005,78,ACTOR IN A LEADING ROLE,Terrence Howard,Hustle & Flow,DJay
Nominee,2005,78,ACTOR IN A LEADING ROLE,Heath Ledger,Brokeback Mountain,Ennis Del Mar
Nominee,2005,78,ACTOR IN A LEADING ROLE,Joaquin Phoenix,Walk the Line,John R. Cash
Nominee,2005,78,ACTOR IN A LEADING ROLE,David Strathairn,"Good Night, and Good Luck.",Edward R. Murrow
Winner,2005,78,ACTOR IN A SUPPORTING ROLE,George Clooney,Syriana,Bob Barnes
Nominee,2005,78,ACTOR IN A SUPPORTING ROLE,Matt Dillon,Crash,Officer Ryan
Nominee,2005,78,ACTOR IN A SUPPORTING ROLE,Paul Giamatti,Cinderella Man,Joe Gould
Nominee,2005,78,ACTOR IN A SUPPORTING ROLE,Jake Gyllenhaal,Brokeback Mountain,Jack Twist
Nominee,2005,78,ACTOR IN A SUPPORTING ROLE,William Hurt,A History of Violence,Richie Cusack
Nominee,2005,78,ACTRESS IN A LEADING ROLE,Judi Dench,Mrs. Henderson Presents,Mrs. Laura Henderson
Nominee,2005,78,ACTRESS IN A LEADING ROLE,Felicity Huffman,Transamerica,Bree
Nominee,2005,78,ACTRESS IN A LEADING ROLE,Keira Knightley,Pride & Prejudice,Elizabeth Bennet
Nominee,2005,78,ACTRESS IN A LEADING ROLE,Charlize Theron,North Country,Josey Aimes
Winner,2005,78,ACTRESS IN A LEADING ROLE,Reese Witherspoon,Walk the Line,June Carter
Nominee,2005,78,ACTRESS IN A SUPPORTING ROLE,Amy Adams,Junebug,Ashley
Nominee,2005,78,ACTRESS IN A SUPPORTING ROLE,Catherine Keener,Capote,Nelle Harper Lee
Nominee,2005,78,ACTRESS IN A SUPPORTING ROLE,Frances McDormand,North Country,Glory
Winner,2005,78,ACTRESS IN A SUPPORTING ROLE,Rachel Weisz,The Constant Gardener,Tessa Quayle
Nominee,2005,78,ACTRESS IN A SUPPORTING ROLE,Michelle Williams,Brokeback Mountain,Alma
Winner,2005,78,DIRECTING,Brokeback Mountain,NA,NA
Nominee,2005,78,DIRECTING,Capote,NA,NA
Nominee,2005,78,DIRECTING,Crash,NA,NA
Nominee,2005,78,DIRECTING,"Good Night, and Good Luck.",NA,NA
Nominee,2005,78,DIRECTING,Munich,NA,NA
Nominee,2005,78,BEST PICTURE,Brokeback Mountain,NA,NA
Nominee,2005,78,BEST PICTURE,Capote,NA,NA
Winner,2005,78,BEST PICTURE,Crash,NA,NA
Nominee,2005,78,BEST PICTURE,"Good Night, and Good Luck.",NA,NA
Nominee,2005,78,BEST PICTURE,Munich,NA,NA
Nominee,2006,79,ACTOR IN A LEADING ROLE,Leonardo DiCaprio,Blood Diamond,Danny Archer
Nominee,2006,79,ACTOR IN A LEADING ROLE,Ryan Gosling,Half Nelson,Dan Dunne
Nominee,2006,79,ACTOR IN A LEADING ROLE,Peter O'Toole,Venus,Maurice
Nominee,2006,79,ACTOR IN A LEADING ROLE,Will Smith,The Pursuit of Happyness,Chris Gardner
Winner,2006,79,ACTOR IN A LEADING ROLE,Forest Whitaker,The Last King of Scotland,Idi Amin
Winner,2006,79,ACTOR IN A SUPPORTING ROLE,Alan Arkin,Little Miss Sunshine,Grandpa
Nominee,2006,79,ACTOR IN A SUPPORTING ROLE,Jackie Earle Haley,Little Children,Ronnie J. McGorvey
Nominee,2006,79,ACTOR IN A SUPPORTING ROLE,Djimon Hounsou,Blood Diamond,Solomon Vandy
Nominee,2006,79,ACTOR IN A SUPPORTING ROLE,Eddie Murphy,Dreamgirls,James 'Thunder' Early
Nominee,2006,79,ACTOR IN A SUPPORTING ROLE,Mark Wahlberg,The Departed,Dignam
Nominee,2006,79,ACTRESS IN A LEADING ROLE,Penélope Cruz,Volver,Raimunda
Nominee,2006,79,ACTRESS IN A LEADING ROLE,Judi Dench,Notes on a Scandal,Barbara Covett
Winner,2006,79,ACTRESS IN A LEADING ROLE,Helen Mirren,The Queen,The Queen
Nominee,2006,79,ACTRESS IN A LEADING ROLE,Meryl Streep,The Devil Wears Prada,Miranda Priestly
Nominee,2006,79,ACTRESS IN A LEADING ROLE,Kate Winslet,Little Children,Sarah Pierce
Nominee,2006,79,ACTRESS IN A SUPPORTING ROLE,Adriana Barraza,Babel,Amelia
Nominee,2006,79,ACTRESS IN A SUPPORTING ROLE,Cate Blanchett,Notes on a Scandal,Sheba Hart
Nominee,2006,79,ACTRESS IN A SUPPORTING ROLE,Abigail Breslin,Little Miss Sunshine,Olive
Winner,2006,79,ACTRESS IN A SUPPORTING ROLE,Jennifer Hudson,Dreamgirls,Effie White
Nominee,2006,79,ACTRESS IN A SUPPORTING ROLE,Rinko Kikuchi,Babel,Chieko
Nominee,2006,79,DIRECTING,Babel,NA,NA
Winner,2006,79,DIRECTING,The Departed,NA,NA
Nominee,2006,79,DIRECTING,Letters from Iwo Jima,NA,NA
Nominee,2006,79,DIRECTING,The Queen,NA,NA
Nominee,2006,79,DIRECTING,United 93,NA,NA
Nominee,2006,79,BEST PICTURE,Babel,NA,NA
Winner,2006,79,BEST PICTURE,The Departed,NA,NA
Nominee,2006,79,BEST PICTURE,Letters from Iwo Jima,NA,NA
Nominee,2006,79,BEST PICTURE,Little Miss Sunshine,NA,NA
Nominee,2006,79,BEST PICTURE,The Queen,NA,NA
Nominee,2007,80,ACTOR IN A LEADING ROLE,George Clooney,Michael Clayton,Michael Clayton
Winner,2007,80,ACTOR IN A LEADING ROLE,Daniel Day,There Will Be Blood,Daniel Plainview
Nominee,2007,80,ACTOR IN A LEADING ROLE,Johnny Depp,Sweeney Todd The Demon Barber of Fleet Street,Sweeney Todd
Nominee,2007,80,ACTOR IN A LEADING ROLE,Tommy Lee Jones,In the Valley of Elah,Hank Deerfield
Nominee,2007,80,ACTOR IN A LEADING ROLE,Viggo Mortensen,Eastern Promises,Nikolai
Nominee,2007,80,ACTOR IN A SUPPORTING ROLE,Casey Affleck,The Assassination of Jesse James by the Coward Robert Ford,Robert Ford
Winner,2007,80,ACTOR IN A SUPPORTING ROLE,Javier Bardem,No Country for Old Men,Anton Chigurh
Nominee,2007,80,ACTOR IN A SUPPORTING ROLE,Philip Seymour Hoffman,Charlie Wilson's War,Gust Avrakotos
Nominee,2007,80,ACTOR IN A SUPPORTING ROLE,Hal Holbrook,Into the Wild,Ron Franz
Nominee,2007,80,ACTOR IN A SUPPORTING ROLE,Tom Wilkinson,Michael Clayton,Arthur Edens
Nominee,2007,80,ACTRESS IN A LEADING ROLE,Cate Blanchett,Elizabeth: The Golden Age,Queen Elizabeth I
Nominee,2007,80,ACTRESS IN A LEADING ROLE,Julie Christie,Away from Her,Fiona
Winner,2007,80,ACTRESS IN A LEADING ROLE,Marion Cotillard,La Vie en Rose,Edith Piaf
Nominee,2007,80,ACTRESS IN A LEADING ROLE,Laura Linney,The Savages,Wendy Savage
Nominee,2007,80,ACTRESS IN A LEADING ROLE,Elliot Page,Juno,Juno MacGuff
Nominee,2007,80,ACTRESS IN A LEADING ROLE,NA,NA,NA
Nominee,2007,80,ACTRESS IN A SUPPORTING ROLE,Cate Blanchett,I'm Not There,Jude
Nominee,2007,80,ACTRESS IN A SUPPORTING ROLE,Ruby Dee,American Gangster,Mama Lucas
Nominee,2007,80,ACTRESS IN A SUPPORTING ROLE,Saoirse Ronan,Atonement,"Briony Tallis, aged 13"
Nominee,2007,80,ACTRESS IN A SUPPORTING ROLE,Amy Ryan,Gone Baby Gone,Helene McCready
Winner,2007,80,ACTRESS IN A SUPPORTING ROLE,Tilda Swinton,Michael Clayton,Karen Crowder
Nominee,2007,80,DIRECTING,The Diving Bell and the Butterfly,NA,NA
Nominee,2007,80,DIRECTING,Juno,NA,NA
Nominee,2007,80,DIRECTING,Michael Clayton,NA,NA
Winner,2007,80,DIRECTING,No Country for Old Men,NA,NA
Nominee,2007,80,DIRECTING,There Will Be Blood,NA,NA
Nominee,2007,80,BEST PICTURE,Atonement,NA,NA
Nominee,2007,80,BEST PICTURE,Juno,NA,NA
Nominee,2007,80,BEST PICTURE,Michael Clayton,NA,NA
Winner,2007,80,BEST PICTURE,No Country for Old Men,NA,NA
Nominee,2007,80,BEST PICTURE,There Will Be Blood,NA,NA
Nominee,2008,81,ACTOR IN A LEADING ROLE,Richard Jenkins,The Visitor,Walter
Nominee,2008,81,ACTOR IN A LEADING ROLE,Frank Langella,Frost/Nixon,Richard Nixon
Winner,2008,81,ACTOR IN A LEADING ROLE,Sean Penn,Milk,Harvey Milk
Nominee,2008,81,ACTOR IN A LEADING ROLE,Brad Pitt,The Curious Case of Benjamin Button,Benjamin Button
Nominee,2008,81,ACTOR IN A LEADING ROLE,Mickey Rourke,The Wrestler,Randy
Nominee,2008,81,ACTOR IN A SUPPORTING ROLE,Josh Brolin,Milk,Dan White
Nominee,2008,81,ACTOR IN A SUPPORTING ROLE,Robert Downey Jr.,Tropic Thunder,Kirk Lazarus
Nominee,2008,81,ACTOR IN A SUPPORTING ROLE,Philip Seymour Hoffman,Doubt,Father Brendan Flynn
Winner,2008,81,ACTOR IN A SUPPORTING ROLE,Heath Ledger,The Dark Knight,Joker
Nominee,2008,81,ACTOR IN A SUPPORTING ROLE,Michael Shannon,Revolutionary Road,John Givings
Nominee,2008,81,ACTRESS IN A LEADING ROLE,Anne Hathaway,Rachel Getting Married,Kym
Nominee,2008,81,ACTRESS IN A LEADING ROLE,Angelina Jolie,Changeling,Christine Collins
Nominee,2008,81,ACTRESS IN A LEADING ROLE,Melissa Leo,Frozen River,Ray Eddy
Nominee,2008,81,ACTRESS IN A LEADING ROLE,Meryl Streep,Doubt,Sister Aloysius Beauvier
Winner,2008,81,ACTRESS IN A LEADING ROLE,Kate Winslet,The Reader,Hanna Schmitz
Nominee,2008,81,ACTRESS IN A SUPPORTING ROLE,Amy Adams,Doubt,Sister James
Winner,2008,81,ACTRESS IN A SUPPORTING ROLE,Penélope Cruz,Vicky Cristina Barcelona,Maria Elena
Nominee,2008,81,ACTRESS IN A SUPPORTING ROLE,Viola Davis,Doubt,Mrs. Miller
Nominee,2008,81,ACTRESS IN A SUPPORTING ROLE,Taraji P. Henson,The Curious Case of Benjamin Button,Queenie
Nominee,2008,81,ACTRESS IN A SUPPORTING ROLE,Marisa Tomei,The Wrestler,Cassidy
Nominee,2008,81,DIRECTING,The Curious Case of Benjamin Button,NA,NA
Nominee,2008,81,DIRECTING,Frost/Nixon,NA,NA
Nominee,2008,81,DIRECTING,Milk,NA,NA
Nominee,2008,81,DIRECTING,The Reader,NA,NA
Winner,2008,81,DIRECTING,Slumdog Millionaire,NA,NA
Nominee,2008,81,BEST PICTURE,The Curious Case of Benjamin Button,NA,NA
Nominee,2008,81,BEST PICTURE,Frost/Nixon,NA,NA
Nominee,2008,81,BEST PICTURE,Milk,NA,NA
Nominee,2008,81,BEST PICTURE,The Reader,NA,NA
Nominee,2008,81,BEST PICTURE,Slumdog Millionaire,NA,NA
Winner,2009,82,ACTOR IN A LEADING ROLE,Jeff Bridges,Crazy Heart,Bad Blake
Nominee,2009,82,ACTOR IN A LEADING ROLE,George Clooney,Up in the Air,Ryan Bingham
Nominee,2009,82,ACTOR IN A LEADING ROLE,Colin Firth,A Single Man,George
Nominee,2009,82,ACTOR IN A LEADING ROLE,Morgan Freeman,Invictus,Nelson Mandela
Nominee,2009,82,ACTOR IN A LEADING ROLE,Jeremy Renner,The Hurt Locker,Staff Sergeant William James
Nominee,2009,82,ACTOR IN A SUPPORTING ROLE,Matt Damon,Invictus,Francois Pienaar
Nominee,2009,82,ACTOR IN A SUPPORTING ROLE,Woody Harrelson,The Messenger,Captain Tony Stone
Nominee,2009,82,ACTOR IN A SUPPORTING ROLE,Christopher Plummer,The Last Station,Tolstoy
Nominee,2009,82,ACTOR IN A SUPPORTING ROLE,Stanley Tucci,The Lovely Bones,George Harvey
Winner,2009,82,ACTOR IN A SUPPORTING ROLE,Christoph Waltz,Inglourious Basterds,Col. Hans Landa
Winner,2009,82,ACTRESS IN A LEADING ROLE,Sandra Bullock,The Blind Side,Leigh Anne Tuohy
Nominee,2009,82,ACTRESS IN A LEADING ROLE,Helen Mirren,The Last Station,Sofya
Nominee,2009,82,ACTRESS IN A LEADING ROLE,Carey Mulligan,An Education,Jenny
Nominee,2009,82,ACTRESS IN A LEADING ROLE,Gabourey Sidibe,Precious: Based on the Novel 'Push' by Sapphire,Precious
Nominee,2009,82,ACTRESS IN A LEADING ROLE,Meryl Streep,Julie & Julia,Julia Child
Nominee,2009,82,ACTRESS IN A SUPPORTING ROLE,Penélope Cruz,Nine,Carla
Nominee,2009,82,ACTRESS IN A SUPPORTING ROLE,Vera Farmiga,Up in the Air,Alex Goran
Nominee,2009,82,ACTRESS IN A SUPPORTING ROLE,Maggie Gyllenhaal,Crazy Heart,Jean Craddock
Nominee,2009,82,ACTRESS IN A SUPPORTING ROLE,Anna Kendrick,Up in the Air,Natalie Keener
Winner,2009,82,ACTRESS IN A SUPPORTING ROLE,Mo'Nique,Precious: Based on the Novel 'Push' by Sapphire,Mary
Nominee,2009,82,DIRECTING,Avatar,NA,NA
Winner,2009,82,DIRECTING,The Hurt Locker,NA,NA
Nominee,2009,82,DIRECTING,Inglourious Basterds,NA,NA
Nominee,2009,82,DIRECTING,Precious: Based on the Novel 'Push' by Sapphire,NA,NA
Nominee,2009,82,DIRECTING,Up in the Air,NA,NA
Nominee,2009,82,BEST PICTURE,Avatar,NA,NA
Nominee,2009,82,BEST PICTURE,The Blind Side,NA,NA
Nominee,2009,82,BEST PICTURE,District 9,NA,NA
Nominee,2009,82,BEST PICTURE,An Education,NA,NA
Winner,2009,82,BEST PICTURE,The Hurt Locker,NA,NA
Nominee,2009,82,BEST PICTURE,Inglourious Basterds,NA,NA
Nominee,2009,82,BEST PICTURE,Precious: Based on the Novel 'Push' by Sapphire,NA,NA
Nominee,2009,82,BEST PICTURE,A Serious Man,NA,NA
Nominee,2009,82,BEST PICTURE,Up,NA,NA
Nominee,2009,82,BEST PICTURE,Up in the Air,NA,NA
